Продукт,Старая цена,Новая цена,Процент скидки,Время акции
"Корм для собак ФРИСКИС курица в подливе, 85г",19. 10,16.99,−11%,с 06 апреля до 12 апреля
"Суп СЕМЕЙНЫЕ СЕКРЕТЫ, Грибной/Гороховый, 60г",23. 00,16.99,−19%,с 06 апреля до 12 апреля
"Корм для собак ФРИСКИС Ягненок в подливе, 85г",19. 10,16.99,−11%,с 06 апреля до 12 апреля
"Корм для собак ФРИСКИС Говядина в подливе, 85г",19. 10,16.99,−11%,с 06 апреля до 12 апреля
"Корм для собак ФРИСКИС Ягненок в подливе, 85г",19. 10,16.99,−11%,с 06 апреля до 12 апреля
"Корм для собак ФРИСКИС Говядина в подливе, 85г",19. 10,16.99,−11%,с 06 апреля до 12 апреля
"Суп СЕМЕЙНЫЕ СЕКРЕТЫ, Грибной/Гороховый, 60г",21. 00,16.99,−19%,с 06 апреля до 12 апреля
"Корм для кошек ФЕЛИКС, Сенсейшнс, влажный треска с томатами, 85г",30. 00,17.99,−40%,с 06 апреля до 12 апреля
"Корм для кошек ФЕЛИКС, Говядина/птица, 85г",30. 00,17.99,−40%,с 06 апреля до 12 апреля
"Корм для кошек ФЕЛИКС, Лосось, консервированный, 85г",30. 00,17.99,−40%,с 06 апреля до 12 апреля
"Корм для кошек ФЕЛИКС, Сенсейшнс, курица/морковь в желе, 85г",30. 00,17.99,−40%,с 06 апреля до 12 апреля
"Корм для кошек ФЕЛИКС СЕНСЕЙШНС, лос вкус.трес в желе, 85г",30. 00,17.99,−40%,с 06 апреля до 12 апреля
"Корм для кошек ФЕЛИКС, Сенсейшнс, говядина с томатным соусом, 85г",30. 00,17.99,−40%,с 06 апреля до 12 апреля
"Корм для кошек ФЕЛИКС, Ягненок/курица, 85г",30. 00,17.99,−40%,с 06 апреля до 12 апреля
"Корм для кошек ФЕЛИКС, Индейка/печень, 85г",30. 00,17.99,−40%,с 06 апреля до 12 апреля
"Корм для кошек ФЕЛИКС, Ягненок/курица, 85г",30. 00,17.99,−40%,с 06 апреля до 12 апреля
"Корм для кошек ФЕЛИКС, с форелью, 85г",30. 00,17.99,−40%,с 06 апреля до 12 апреля
"Корм для кошек ФЕЛИКС, Индейка/печень, 85г",30. 00,17.99,−40%,с 06 апреля до 12 апреля
"Корм для кошек ФЕЛИКС, Лосось/форель, 85г",30. 00,17.99,−40%,с 06 апреля до 12 апреля
"Корм для котят ФЕЛИКС, Аппетитные кусочки, курица, 85г",30. 00,17.99,−40%,с 06 апреля до 12 апреля
"Корм для кошек FELIX® Мясные ломтики с говядиной, 75г",30. 00,17.99,−40%,с 06 апреля до 12 апреля
"Корм для кошек ФЕЛИКС, Лосось/форель, 85г",30. 00,17.99,−40%,с 06 апреля до 12 апреля
"Корм для котят ФЕЛИКС, Аппетитные кусочки, курица, 85г",30. 00,17.99,−40%,с 06 апреля до 12 апреля
"Корм для кошек ФЕЛИКС, Индейка, 85г",30. 00,17.99,−40%,с 06 апреля до 12 апреля
"Корм для кошек ФЕЛИКС, Говядина, 85г",30. 00,17.99,−40%,с 06 апреля до 12 апреля
"Корм для кошек ФЕЛИКС, Сенсейшнс, утка с морковным соусом, 85г",30. 00,17.99,−40%,с 06 апреля до 12 апреля
"Корм для кошек ФЕЛИКС, Лосось, консервированный, 85г",30. 00,17.99,−40%,с 06 апреля до 12 апреля
"Корм для кошек ФЕЛИКС, Сенсейшнс индейка с беконом, 85г",30. 00,17.99,−40%,с 06 апреля до 12 апреля
"Корм для кошек ФЕЛИКС, Сенсейшнс, говядина с томатным соусом, 85г",30. 00,17.99,−40%,с 06 апреля до 12 апреля
"Корм для кошек ФЕЛИКС СЕНСЕЙШНС, лос вкус.трес в желе, 85г",30. 00,17.99,−40%,с 06 апреля до 12 апреля
"Корм для кошек ФЕЛИКС, Сенсейшнс, курица/морковь в желе, 85г",30. 00,17.99,−40%,с 06 апреля до 12 апреля
"Корм для кошек ФЕЛИКС СЕНСЕЙШНС, Утка/шпинат в желе, 85г",30. 00,17.99,−40%,с 06 апреля до 12 апреля
"Корм для кошек ФЕЛИКС, Курица и томаты в желе, 85г",30. 00,17.99,−40%,с 06 апреля до 12 апреля
"Корм для кошек ФЕЛИКС, Курица, 85г",30. 00,17.99,−40%,с 06 апреля до 12 апреля
"Корм для кошек ФЕЛИКС, Кролик, 85г",30. 00,17.99,−40%,с 06 апреля до 12 апреля
"Корм для кошек ФЕЛИКС, с ягненком, 85г",30. 00,17.99,−40%,с 06 апреля до 12 апреля
"Корм для кошек ФЕЛИКС, с форелью, 85г",30. 00,17.99,−40%,с 06 апреля до 12 апреля
"Корм для кошек ФЕЛИКС, Индейка, 85г",30. 00,17.99,−40%,с 06 апреля до 12 апреля
"Корм для кошек ФЕЛИКС, Говядина, 85г",30. 00,17.99,−40%,с 06 апреля до 12 апреля
"Корм для кошек FELIX® Мясные ломтики с курицей, 75г",30. 00,17.99,−40%,с 06 апреля до 12 апреля
"Корм для кошек ФЕЛИКС, Кролик, 85г",30. 00,17.99,−40%,с 06 апреля до 12 апреля
"Корм для кошек ФЕЛИКС, Говядина/птица, 85г",30. 00,17.99,−40%,с 06 апреля до 12 апреля
"Корм для кошек FELIX® Мясные ломтики с курицей, 75г",30. 00,17.99,−40%,с 06 апреля до 12 апреля
"Корм для кошек ФЕЛИКС, Курица, 85г",30. 00,17.99,−40%,с 06 апреля до 12 апреля
"Корм для кошек FELIX® Мясные ломтики с говядиной, 75г",30. 00,17.99,−40%,с 06 апреля до 12 апреля
"Батончик ФИТНЕСС злаковый шоколад-банан, 23,5г",47. 60,19.99,−58%,с 06 апреля до 12 апреля
"Йогурт ДАНОН, Клубника, 2,9%, 110г",27. 80,21.99,−21%,с 06 апреля до 12 апреля
"Йогурт ДАНОН, персик, 2,9%, 110г",27. 80,21.99,−21%,с 06 апреля до 12 апреля
"АКТИМЕЛЬ Клубника, 100г",32. 80,22.99,−30%,с 06 апреля до 12 апреля
"Напиток кисломолочный АКТИМЕЛЬ, Гранат, 100г",32. 80,22.99,−30%,с 06 апреля до 12 апреля
"Суп МАГГИ®, Горячая кружка, Грибной с сухариками, 20г",25. 00,22.99,−28%,с 06 апреля до 12 апреля
"Суп МАГГИ®, Горячая кружка, Гороховый с сухариками, 19г",27. 00,22.99,−15%,с 06 апреля до 12 апреля
"АКТИМЕЛЬ Клубника, 100г",32. 80,22.99,−30%,с 06 апреля до 12 апреля
"Суп МАГГИ®, Горячая кружка, Куриный с сухариками, 19г",27. 00,22.99,−15%,с 06 апреля до 12 апреля
"Напиток кисломолочный АКТИМЕЛЬ, Гранат, 100г",32. 80,22.99,−30%,с 06 апреля до 12 апреля
"Суп МАГГИ®, Горячая кружка, Грибной с сухариками, 20г",27. 00,22.99,−15%,с 06 апреля до 12 апреля
"Батончики РОТ ФРОНТ, цена за 100 г",50. 00,24.99,−50%,с 06 апреля до 12 апреля
"Батончики РОТ ФРОНТ, цена за 100 г",49. 90,24.99,−50%,с 06 апреля до 12 апреля
"Приправа ВОСТОЧНЫЙ ГОСТЬ, к рыбе, 40г",35. 10,26.99,−23%,с 06 апреля до 12 апреля
"Приправа ВОСТОЧНЫЙ ГОСТЬ, к рыбе, 40г",35. 10,26.99,−23%,с 06 апреля до 12 апреля
"Вода питьевая BILLAGI® негазированная, 1,5л",50. 00,32.99,−34%,с 06 апреля до 12 апреля
"Гренки КРУТЕЦ ржаные Томат спайси, 80г",44. 90,34.99,−22%,с 06 апреля до 12 апреля
"Батончик НЕСКВИК, 43г",43. 20,34.99,−19%,с 06 апреля до 12 апреля
"Десерт ФАРАДЕЛЛА (Акконд), цена за 100 г",52. 20,35.99,−31%,с 06 апреля до 12 апреля
"Карандаши цветные, 12цветов",59. 99,39.99,−33%,с 10 марта до 06 апреля
"Губка МАКСИМА, Фрекен Бок, для посуды, 5шт",52. 99,39.99,−25%,с 10 марта до 06 апреля
"Шоколад РОССИЯ, Кофе с молоком, 90г",100. 00,39.99,−60%,с 06 апреля до 12 апреля
"Чай черный ЛИСМА, крепкий, 25 пакетиков",50. 00,39.99,−20%,с 06 апреля до 12 апреля
"Шоколад молочный РОССИЯ, Карамель/арахис, 90г",80. 00,39.99,−50%,с 06 апреля до 12 апреля
"Шоколад РОССИЯ, Кофе с молоком, 90г",80. 00,39.99,−50%,с 06 апреля до 12 апреля
"Шоколад РОССИЯ, Молочный пористый, 82г",80. 00,39.99,−50%,с 06 апреля до 12 апреля
"Шоколад молочный РОССИЯ, 90г",80. 00,39.99,−50%,с 06 апреля до 12 апреля
"Шоколад молочный РОССИЯ, Миндаль/вафля, 90г",80. 00,39.99,−50%,с 06 апреля до 12 апреля
"Шоколад молочный РОССИЯ, Пористый белый, 82г",80. 00,39.99,−50%,с 06 апреля до 12 апреля
"Шоколад молочный РОССИЯ, Карамель/арахис, 90г",100. 00,39.99,−60%,с 06 апреля до 12 апреля
"Шоколад молочный РОССИЯ, Миндаль/изюм, 90г",100. 00,39.99,−60%,с 06 апреля до 12 апреля
"Шоколад РОССИЯ, с кокосом/вафлей, 90г",80. 00,39.99,−50%,с 06 апреля до 12 апреля
"Шоколад РОССИЯ, Молочный пористый, 82г",100. 00,39.99,−60%,с 06 апреля до 12 апреля
"Шоколад молочный РОССИЯ, Пористый белый, 82г",100. 00,39.99,−60%,с 06 апреля до 12 апреля
"Шоколад молочный РОССИЯ, Фундук/изюм, 90г",100. 00,39.99,−60%,с 06 апреля до 12 апреля
"Крендельки МОЯ ЦЕНА традиционные соленые, 250г",50. 60,39.99,−21%,с 06 апреля до 12 апреля
"Шоколад РОССИЯ, с кокосом/вафлей, 90г",100. 00,39.99,−60%,с 06 апреля до 12 апреля
"Шоколад молочный РОССИЯ, Миндаль/вафля, 90г",100. 00,39.99,−60%,с 06 апреля до 12 апреля
"Шоколад молочный РОССИЯ, 90г",100. 00,39.99,−60%,с 06 апреля до 12 апреля
"Чай зеленый ЗЕЛЕНЫЙ ДРАКОН, китайский, 20пакетиков",47. 70,41.99,−12%,с 06 апреля до 12 апреля
"Крекер ЛЮБЯТОВО, Янтарный с сыром, 235г",59. 10,41.99,−29%,с 06 апреля до 12 апреля
"Чай зеленый ЗЕЛЕНЫЙ ДРАКОН, китайский, 20пакетиков",47. 70,41.99,−12%,с 06 апреля до 12 апреля
"Лапша ДОШИРАК, Говядина, 90г",55. 10,42.99,−22%,с 06 апреля до 12 апреля
"Лапша ДОШИРАК, Говядина, 90г",55. 10,42.99,−22%,с 06 апреля до 12 апреля
"Лапша ДОШИРАК, со вкусом морепродуктов, 90г",55. 10,42.99,−22%,с 06 апреля до 12 апреля
"Лапша ДОШИРАК, со вкусом морепродуктов, 90г",55. 10,42.99,−22%,с 06 апреля до 12 апреля
"Приправа МАГГИ® на Второе, для гречки по-купечески, 41г",50. 00,43.99,−12%,с 06 апреля до 12 апреля
"Смесь приправ МАГГИ, на второе, для макарон в сливочном соусе Карбонара, 30г",51. 80,43.99,−15%,с 06 апреля до 12 апреля
"Соус МАГГИ®, Макарономания, Болонез., 30г",50. 00,43.99,−12%,с 06 апреля до 12 апреля
"Приправа МАГГИ® на Второе, для гречки по-купечески, 41г",51. 80,43.99,−15%,с 06 апреля до 12 апреля
"Соус МАГГИ®, Макарономания, Болонез., 30г",51. 80,43.99,−15%,с 06 апреля до 12 апреля
"Смесь приправ МАГГИ На второе для макарон в красном соусе, 24г",51. 80,43.99,−15%,с 06 апреля до 12 апреля
"Пиво КАРЛСБЕРГ Пильзнер светлое безалкогольное, 0,45л",52. 90,44.99,−15%,с 06 апреля до 12 апреля
"Пиво КАРЛСБЕРГ Пильзнер светлое безалкогольное, 0,45л",52. 90,44.99,−15%,с 06 апреля до 12 апреля
"Баранки ЧУДЕСНЫЙ КРАЙ традиционные с горчицей, 350г",54. 20,44.99,−17%,с 06 апреля до 12 апреля
"Печенье LUCKY DAYS овсяное классическое, 300г",56. 90,44.99,−21%,с 06 апреля до 12 апреля
"Баранки ЧУДЕСНЫЙ КРАЙ традиционные с горчицей, 350г",54. 20,44.99,−17%,с 06 апреля до 12 апреля
"Средство чистящее ПЕМОЛЮКС, Антибактериальный, 480г",79. 30,45.99,−42%,с 06 апреля до 12 апреля
"Средство чистящее ПЕМОЛЮКС, Лимон, 480г",79. 30,45.99,−42%,с 06 апреля до 12 апреля
"Средство чистящее ПЕМОЛЮКС, Яблоко, 480г",79. 30,45.99,−42%,с 06 апреля до 12 апреля
"Пивной напиток ХЕЙНЕКЕН пастеризованный безалкогольный, 0,43л",66. 20,46.99,−29%,с 06 апреля до 12 апреля
"Вафли ЯШКИНО Вафельный сэндвич с воздушной начинкой, 180г",61. 80,46.99,−25%,с 06 апреля до 12 апреля
"Пряники LUCKY DAYS®, Черная смородина, 300г",56. 60,46.99,−17%,с 06 апреля до 12 апреля
"Пивной напиток ХЕЙНЕКЕН пастеризованный безалкогольный, 0,43л",66. 70,47.99,−28%,с 06 апреля до 12 апреля
"Семечки ОТ МАРТИНА, Жареные, 100г",60. 00,47.99,−20%,с 06 апреля до 12 апреля
"Семечки ОТ МАРТИНА, Жареные, 100г",60. 00,47.99,−20%,с 06 апреля до 12 апреля
"Десерт ДАНИССИМО, с творожным кремом, киви, 130г",65. 30,48.99,−25%,с 06 апреля до 12 апреля
"Десерт ДАНИССИМО, с творожным кремом и шоколадом, 130г",65. 30,48.99,−25%,с 06 апреля до 12 апреля
"Творожный продукт ДАНИССИМО слива/заварной крем, 5,7%, 130г",65. 30,48.99,−25%,с 06 апреля до 12 апреля
"Десерт ДАНИССИМО, с творожным кремом и шоколадом, 130г",65. 30,48.99,−25%,с 06 апреля до 12 апреля
"Десерт ДАНИССИМО, с творожным кремом и хрустящими шариками, 130г",65. 30,48.99,−25%,с 06 апреля до 12 апреля
"Продукт творожный ДАНИССИМО, Фисташковое мороженое, 6,5%, 130г",65. 30,48.99,−25%,с 06 апреля до 12 апреля
"Продукт творожный ДАНИССИМО, грецкий орех и кленовый сироп, 5,9%, 130г",65. 30,48.99,−25%,с 06 апреля до 12 апреля
"Десерт ДАНИССИМО, с творожным кремом, черника, 130г",65. 30,48.99,−25%,с 06 апреля до 12 апреля
"Десерт ДАНИССИМО, с творожным кремом и хрустящими шариками, 130г",65. 30,48.99,−25%,с 06 апреля до 12 апреля
"Десерт ДАНИССИМО, с творожным кремом, киви, 130г",65. 30,48.99,−25%,с 06 апреля до 12 апреля
"Продукт творожный ДАНИССИМО с апельсином/крошкой шоколада, 5,8%, 130г",65. 30,48.99,−25%,с 06 апреля до 12 апреля
"Продукт творожный ДАНИССИМО клубника 5,6%, 130г",65. 30,48.99,−25%,с 06 апреля до 12 апреля
"Продукт творожный ДАНИССИМО, Фисташковое мороженое, 6,5%, 130г",65. 30,48.99,−25%,с 06 апреля до 12 апреля
"Творожный продукт ДАНИССИМО абрикос/ваниль, 5,6%, 130г",65. 30,48.99,−25%,с 06 апреля до 12 апреля
"Творожный продукт ДАНИССИМО банан/карамель/кофе, 5,8%, 130г",65. 30,48.99,−25%,с 06 апреля до 12 апреля
"Продукт творожный ДАНИССИМО с апельсином/крошкой шоколадной, 5,8%, 130г",65. 30,48.99,−25%,с 06 апреля до 12 апреля
"Продукт творожный ДАНИССИМО, грецкий орех и кленовый сироп, 5,9%, 130г",65. 30,48.99,−25%,с 06 апреля до 12 апреля
"Творожок ДАНИССИМО тропическое манго-маракуйя 5,6%, 130г",65. 30,48.99,−25%,с 06 апреля до 12 апреля
"Десерт ДАНИССИМО, с творожным кремом, черника, 130г",65. 30,48.99,−25%,с 06 апреля до 12 апреля
"Творожок ДАНИССИМО тропическое манго-маракуйя 5,6%, 130г",65. 30,48.99,−25%,с 06 апреля до 12 апреля
"Десерт творожный ДАНИССИМО Вишня-маскарпоне 5,6%, 130г",65. 30,48.99,−25%,с 06 апреля до 12 апреля
"Десерт творожный ДАНИССИМО Вишня-маскарпоне 5,6%, 130г",65. 30,48.99,−25%,с 06 апреля до 12 апреля
"Продукт творожный ДАНИССИМО клубника 5,6%, 130г",65. 30,48.99,−25%,с 06 апреля до 12 апреля
"Печенье овсяное LUCKY DAYS® классическое, 310г",64. 10,49.99,−22%,с 06 апреля до 12 апреля
"Напиток энергетический ФЛЭШ АП, 450мл",64. 90,49.99,−23%,с 06 апреля до 12 апреля
"Напиток энергетический ФЛЭШ АП ягоды, 450мл",64. 90,49.99,−23%,с 06 апреля до 12 апреля
"Шоколад РОССИЙСКИЙ, горький, 70% какао, 90г",80. 60,49.99,−38%,с 06 апреля до 12 апреля
"Лавровый лист КАМИС, 5г",63. 30,49.99,−19%,с 06 апреля до 12 апреля
"Корица КАМИС, Молотая, 15г",63. 30,49.99,−19%,с 06 апреля до 12 апреля
"Шоколад РОССИЙСКИЙ, темный, с фундуком и печеньем, 90г",80. 60,49.99,−38%,с 06 апреля до 12 апреля
"Лавровый лист КАМИС, 5г",61. 70,49.99,−19%,с 06 апреля до 12 апреля
"Колечки глазированные СКРЕПЫШИ/ПРАЗДНИК СЛАСТЕНЫ, 250г",70. 40,49.99,−29%,с 06 апреля до 12 апреля
"Корица КАМИС, Молотая, 15г",61. 70,49.99,−19%,с 06 апреля до 12 апреля
"Шоколад РОССИЙСКИЙ, темный, 90г",98. 00,49.99,−49%,с 06 апреля до 12 апреля
"Шоколад РОССИЙСКИЙ, темный, 90г",80. 60,49.99,−38%,с 06 апреля до 12 апреля
"Шоколад РОССИЙСКИЙ, Темный с миндалем, 90г",98. 00,49.99,−49%,с 06 апреля до 12 апреля
"Пиво ОХОТА, крепкое, светлое, 8,1 %, 0,43 л",60. 20,49.99,−17%,с 06 апреля до 12 апреля
"Шоколад РОССИЙСКИЙ, Темный с миндалем, 90г",80. 60,49.99,−38%,с 06 апреля до 12 апреля
"Пиво ОХОТА, крепкое, светлое, 8,1 %, 0,43 л",60. 20,49.99,−17%,с 06 апреля до 12 апреля
"Пиво ТУБОРГ ГРИН, Светлое, фильтрованное, 4,6%, 0,45л",83. 90,51.99,−38%,с 06 апреля до 12 апреля
"Пиво ТУБОРГ ГРИН, Светлое, 4,6%, 0,48л",83. 90,51.99,−38%,с 06 апреля до 12 апреля
"Пиво ТУБОРГ ГРИН, Светлое, фильтрованное, 4,6%, 0,45л",83. 90,51.99,−38%,с 06 апреля до 12 апреля
"Пиво AMSTEL Premium Pilsener, светлое, 4,8 %, 0,43 л",65. 80,51.99,−21%,с 06 апреля до 12 апреля
"Пиво АМСТЕЛ, Премиум Пилснер, светлое фильтрованное, 4,8%, 0,45л",65. 80,51.99,−21%,с 06 апреля до 12 апреля
"Пиво AMSTEL Premium Pilsener, светлое, 4,8 %, 0,43 л",65. 50,51.99,−21%,с 06 апреля до 12 апреля
"Пиво ТУБОРГ ГРИН, Светлое, 4,6%, 0,48л",83. 90,51.99,−38%,с 06 апреля до 12 апреля
"Сметана ПРОСТОКВАШИНО, 10 %, 300 г",73. 99,54.99,−26%,с 06 апреля до 12 апреля
"Вафли ЯШКИНО Вафельный сэндвич с воздушной начинкой, 180г",78. 60,54.99,−30%,с 06 апреля до 12 апреля
"Зефир LUCKY DAYS® ваниль глазированный, 175г",64. 70,54.99,−15%,с 06 апреля до 12 апреля
"Зефир LUCKY DAYS® ваниль глазированный, 175г",64. 70,54.99,−15%,с 06 апреля до 12 апреля
"Пивной напиток РЕДДС, 0,33л",73. 30,54.99,−25%,с 06 апреля до 12 апреля
Перчатки садовые с нитриловым покрытием,69. 99,55.99,−20%,с 10 марта до 06 апреля
"Печенье ЮБИЛЕЙНОЕ Витаминное молочное с глазурью, 232г",90. 30,55.99,−35%,с 06 апреля до 12 апреля
"Печенье ЮБИЛЕЙНОЕ Витаминное молочное с глазурью, 232г",86. 10,55.99,−35%,с 06 апреля до 12 апреля
"Печенье ЮБИЛЕЙНОЕ витаминное с глазурью, 232г",88. 90,55.99,−35%,с 06 апреля до 12 апреля
"Печенье ЮБИЛЕЙНОЕ витаминное с глазурью, 232г",86. 10,55.99,−35%,с 06 апреля до 12 апреля
"Печенье АРОМАТ, Топленое молоко (Белогорье), 340г",87. 70,56.99,−29%,с 06 апреля до 12 апреля
"Сметана ПРОСТОКВАШИНО, 10 %, 300 г",73. 99,57.99,−22%,с 06 апреля до 12 апреля
"Печенье АРОМАТ, Топленое молоко (Белогорье), 340г",95. 20,59.99,−37%,с 06 апреля до 12 апреля
"Шоколад молочный АЛЕНКА, с фундуком, 100г",103. 40,59.99,−42%,с 06 апреля до 12 апреля
"Килька ЗНАК КАЧЕСТВА обжаренная в томатном соусе, 240г",76. 90,59.99,−22%,с 06 апреля до 12 апреля
Подвязка для растений джут 50м,79. 99,59.99,−25%,с 10 марта до 06 апреля
"Шоколад АЛЕНКА, с разноцветным драже, 100г",103. 40,59.99,−42%,с 06 апреля до 12 апреля
"Килька ЗНАК КАЧЕСТВА обжаренная в томатном соусе, 240г",76. 90,59.99,−22%,с 06 апреля до 12 апреля
"Шоколад молочный АЛЕНКА, с фундуком, 100г",100. 00,59.99,−42%,с 06 апреля до 12 апреля
"Шоколад АЛЕНКА, Много молока, 100г",103. 40,59.99,−42%,с 06 апреля до 12 апреля
"Шоколад АЛЕНКА, молочный, 100г",103. 40,59.99,−42%,с 06 апреля до 12 апреля
"Шоколад АЛЕНКА, молочный, 100г",100. 00,59.99,−42%,с 06 апреля до 12 апреля
"Контейнер для СВЧ, Премиум, 750мл",89. 99,59.99,−33%,с 10 марта до 06 апреля
"Печенье овсяное ХЛЕБНЫЙ СПАС, Особое, 250г",80. 00,59.99,−25%,с 06 апреля до 12 апреля
"Шоколад АЛЕНКА, с разноцветным драже, 100г",100. 00,59.99,−42%,с 06 апреля до 12 апреля
"Пиво ХОЛЬСТЕН, Светлое фильтрованное, пастеризованное, 4,8%, 0,45л",93. 70,59.99,−36%,с 06 апреля до 12 апреля
"Шоколад АЛЕНКА, Много молока, 100г",100. 00,59.99,−42%,с 06 апреля до 12 апреля
"Коктейль йогуртный ДАНИССИМО ананас-экстракт вербены-дыня 2,7%, 190г",78. 00,63.99,−18%,с 06 апреля до 12 апреля
"Коктейль йогуртный ДАНИССИМО черная смородина 2,7%, 190г",78. 00,63.99,−18%,с 06 апреля до 12 апреля
"Шоколад ЗОЛОТАЯ МАРКА молочный-горький карамель-брауни, 80г",129. 98,64.99,−50%,с 06 апреля до 12 апреля
"Шоколад ЗОЛОТАЯ МАРКА, белый, дуэт в карамельном, 85г",129. 98,64.99,−50%,с 06 апреля до 12 апреля
"Шоколад ЗОЛОТАЯ МАРКА, молочный, дуэт в молочном, 85г",129. 98,64.99,−50%,с 06 апреля до 12 апреля
"Шоколад ЗОЛОТАЯ МАРКА, белый, дуэт в клубничном, 85г",129. 98,64.99,−50%,с 06 апреля до 12 апреля
"Шоколад ЗОЛОТАЯ МАРКА молочный-белый карамель и соленый арахис, 80г",129. 98,64.99,−50%,с 06 апреля до 12 апреля
"Шоколад ЗОЛОТАЯ МАРКА молочный-белый кокос, 80г",129. 98,64.99,−50%,с 06 апреля до 12 апреля
"Шоколад ЗОЛОТАЯ МАРКА молочный с фундуком, 80г",129. 98,64.99,−50%,с 06 апреля до 12 апреля
"Шоколад ЗОЛОТАЯ МАРКА, белый, дуэт в клубничном, 85г",110. 20,64.99,−50%,с 06 апреля до 12 апреля
"Печенье овсяное ПОСИДЕЛКИНО, Топленое молоко, 310г",90. 30,64.99,−28%,с 06 апреля до 12 апреля
"Печенье овсяное ПОСИДЕЛКИНО, Топленое молоко, 310г",91. 50,64.99,−28%,с 06 апреля до 12 апреля
"Шоколад ЗОЛОТАЯ МАРКА молочный-горький карамель-брауни, 80г",110. 20,64.99,−50%,с 06 апреля до 12 апреля
"Шоколад ЗОЛОТАЯ МАРКА молочный-белый кокос, 80г",110. 20,64.99,−50%,с 06 апреля до 12 апреля
"Шоколад ЗОЛОТАЯ МАРКА молочный и белый с кофе, 80г",129. 98,64.99,−50%,с 06 апреля до 12 апреля
"Шоколад ЗОЛОТАЯ МАРКА молочный и белый с кофе, 80г",110. 20,64.99,−50%,с 06 апреля до 12 апреля
"Шоколад ЗОЛОТАЯ МАРКА молочный и темный с миндалем, 80г",110. 20,64.99,−50%,с 06 апреля до 12 апреля
"Шоколад ЗОЛОТАЯ МАРКА молочный с фундуком, 80г",110. 20,64.99,−50%,с 06 апреля до 12 апреля
"Шоколад ЗОЛОТАЯ МАРКА, молочный, дуэт в молочном, 85г",110. 20,64.99,−50%,с 06 апреля до 12 апреля
"Шоколад ЗОЛОТАЯ МАРКА, белый, дуэт в карамельном, 85г",110. 20,64.99,−50%,с 06 апреля до 12 апреля
"Десерт BIONERGY банан/яблоко/черная смородина/голубика, 140г",81. 50,65.99,−19%,с 06 апреля до 12 апреля
"Десерт BIONERGY Фруктовый микс груша/банан/манго, 140г",81. 50,65.99,−19%,с 06 апреля до 12 апреля
"Печенье МАЛЫШОК, ПРАЗДНИК СЛАСТЁНЫ, 350г",87. 20,67.99,−22%,с 06 апреля до 12 апреля
"Печенье МАЛЫШОК, ПРАЗДНИК СЛАСТЁНЫ, 350г",87. 20,67.99,−22%,с 06 апреля до 12 апреля
"Солянка ГЛАВСУП по-домашнему, 250г",100. 00,69.99,−30%,с 06 апреля до 12 апреля
"Солянка ГЛАВСУП по-домашнему, 250г",98. 60,69.99,−29%,с 06 апреля до 12 апреля
"Соус СЛОБОДА, Сырный, 220г",104. 50,69.99,−33%,с 06 апреля до 12 апреля
"Салфетка ФРЕКЕН БОК Фламенко вискоза 12х3,5, 5 шт",93. 99,69.99,−26%,с 10 марта до 06 апреля
"Соус СЛОБОДА, Грибной, 220г",104. 50,69.99,−33%,с 06 апреля до 12 апреля
"Контейнер Премиум, 1,2 л (Полимербыт)",94. 99,69.99,−26%,с 10 марта до 06 апреля
"Паштет ХАМЕ, с телятиной, 105г",100. 00,69.99,−30%,с 06 апреля до 12 апреля
"Корзинка универсальная СКАНДИ, 1,2л",89. 99,69.99,−22%,с 10 марта до 06 апреля
"Чай зеленый ЗЕЛЕНЫЙ ДРАКОН крупнолистовой молочный улун, 100г",80. 00,71.99,−10%,с 06 апреля до 12 апреля
"Кольца луковые РУССКАРТ золотые Сметана-лук, 100г",90. 00,71.99,−20%,с 06 апреля до 12 апреля
"Семечки подсолнечника ЗОЛОТАЯ СЕМЕЧКА, Жареные, 200г",90. 00,71.99,−20%,с 06 апреля до 12 апреля
"Семечки подсолнечника ЗОЛОТАЯ СЕМЕЧКА, Жареные, 200г",90. 00,71.99,−20%,с 06 апреля до 12 апреля
"Чай зеленый ЗЕЛЕНЫЙ ДРАКОН крупнолистовой молочный улун, 100г",80. 00,71.99,−10%,с 06 апреля до 12 апреля
"Горошек зеленый ШЕСТЬ СОТОК, 400г",93. 70,73.99,−21%,с 06 апреля до 12 апреля
"Кукуруза сладкая ШЕСТЬ СОТОК, 340г",93. 70,73.99,−21%,с 06 апреля до 12 апреля
"Хлебцы ЩЕДРЫЕ, Ржано-пшеничные с кунжутом, 200г",107. 10,74.99,−26%,с 06 апреля до 12 апреля
"Борщ БУЗДЯКСКИЙ, 500г",100. 00,74.99,−25%,с 06 апреля до 12 апреля
"Напиток газированный ФАНТОЛА Спейс кау, 1л",94. 90,74.99,−21%,с 06 апреля до 12 апреля
"Коктейль МОХИТО клубника газированный 7,2%, 0,45л",93. 70,74.99,−20%,с 06 апреля до 12 апреля
"Напиток газированный ФАНТОЛА Попкорн, 1л",94. 90,74.99,−21%,с 06 апреля до 12 апреля
"Пакеты для мусора ФРЕКЕН БОК ароматизированные 60л, 10шт.",99. 99,74.99,−25%,с 10 марта до 06 апреля
"Борщ БУЗДЯКСКИЙ, 500г",100. 00,74.99,−25%,с 06 апреля до 12 апреля
"Напиток газированный ФАНТОЛА Бабл гам, 1л",94. 90,74.99,−21%,с 06 апреля до 12 апреля
"Коктейль МОХИТО клубника газированный 7,2%, 0,45л",93. 70,74.99,−20%,с 06 апреля до 12 апреля
"Мешки для мусора НУЖНЫЕ ВЕЩИ Магнит 35л, 30шт",112. 99,75.70,−33%,с 10 марта до 06 апреля
"Хлебцы ЩЕДРЫЕ, Ржано-пшеничные с кунжутом, 200г",102. 70,76.99,−25%,с 06 апреля до 12 апреля
"Фасоль СЕМЕЙНЫЕ СЕКРЕТЫ, Печеная в аджике, 530г",95. 20,79.99,−16%,с 06 апреля до 12 апреля
"Напиток газированный ХУЧ грейпфрут 7,2%, 0,45л",94. 10,79.99,−15%,с 06 апреля до 12 апреля
"Фасоль СЕМЕЙНЫЕ СЕКРЕТЫ, Печеная в аджике, 530г",95. 20,79.99,−16%,с 06 апреля до 12 апреля
"Напиток газированный ХУЧ грейпфрут 7,2%, 0,45л",94. 10,79.99,−15%,с 06 апреля до 12 апреля
"Кофе CHERIE Natiffee натуральный молотый, 100г",96. 40,79.99,−17%,с 06 апреля до 12 апреля
"Чай черный КЕРТИС, Изабелла Грейп, 20 пакетиков",116. 40,84.99,−27%,с 06 апреля до 12 апреля
"Чай КЕРТИС ФРЕШ МОХИТО, Зеленый, 20 пакетиков",116. 40,84.99,−27%,с 06 апреля до 12 апреля
"Шоколад ВДОХНОВЕНИЕ, 100г",137. 10,84.99,−38%,с 06 апреля до 12 апреля
"Пиво БАЛТИКА 7 светлое Мягкое пастеризованное 4,7%, 0,95л",97. 70,84.99,−13%,с 06 апреля до 12 апреля
"Тарталетки БОНЖУР С ореховой пастой в глазури, 200г",111. 80,84.99,−24%,с 06 апреля до 12 апреля
"Шоколад ВДОХНОВЕНИЕ, Элит, с миндалем, 100г",137. 10,84.99,−38%,с 06 апреля до 12 апреля
"Чай зеленый КЁРТИС, Манго, 20 пирамидок",116. 40,84.99,−27%,с 06 апреля до 12 апреля
"Пиво БАЛТИКА 7 светлое Мягкое пастеризованное 4,7%, 0,95л",97. 70,84.99,−13%,с 06 апреля до 12 апреля
"Чай черный КЕРТИС, Изабелла Грейп, 20 пакетиков",113. 00,86.99,−23%,с 06 апреля до 12 апреля
"Чай КЕРТИС ФРЕШ МОХИТО, Зеленый, 20пакетиков",111. 50,86.99,−22%,с 06 апреля до 12 апреля
"Конфеты LUCKY DAYS® Трюфель классический, 200г",121. 60,89.99,−26%,с 06 апреля до 12 апреля
"Кофе НЕСКАФЕ Классик растворимый, 60г",109. 70,89.99,−11%,с 06 апреля до 12 апреля
"Масло подсолнечное БЛАГО, нерафинированное, 0,65л",116. 90,89.99,−21%,с 06 апреля до 12 апреля
Клипсы для подвязки растений 12шт,109. 99,89.99,−18%,с 10 марта до 06 апреля
Эликсир для орхидей Экстра цветение 2*10 мл,119. 99,89.99,−25%,с 10 марта до 06 апреля
"Паштет PREMIERE OF TASTE из гусиной печени, 85г",109. 70,89.99,−18%,с 06 апреля до 12 апреля
"Конфеты LUCKY DAYS® Трюфель классический, 200г",121. 60,89.99,−26%,с 06 апреля до 12 апреля
"Мороженое РОССИЙСКОЕ, 14%, в молочном шоколаде (Чистая линия), 80г",141. 20,95.99,−32%,с 06 апреля до 12 апреля
"Мороженое РОССИЙСКОЕ, 14%, в молочном шоколаде (Чистая линия), 80г",131. 50,95.99,−27%,с 06 апреля до 12 апреля
"Мёд горный МАГНИТ, 250г",120. 40,99.90,−17%,с 06 апреля до 12 апреля
"Газированный напиток ЧЕРНОГОЛОВКА, Байкал, 2л",117. 60,99.99,−15%,с 06 апреля до 12 апреля
"Напиток энергетический БЁРН яблоко-киви, 449мл",129. 90,99.99,−23%,с 06 апреля до 12 апреля
"Напиток энергетический БЕРН дарк, 449мл",131. 60,99.99,−24%,с 06 апреля до 12 апреля
"Напиток энергетический БЁРН оригинальный, 449мл",129. 90,99.99,−23%,с 06 апреля до 12 апреля
"Лимонад НАПИТКИ ИЗ ЧЕРНОГОЛОВКИ, Буратино, 2л",117. 60,99.99,−15%,с 06 апреля до 12 апреля
"Напиток энергетический БЕРН дарк, 449мл",129. 90,99.99,−23%,с 06 апреля до 12 апреля
"Контейнер ПРЕМИУМ прямоугольный для СВЧ, 2,4л",149. 99,99.99,−33%,с 10 марта до 06 апреля
"Напиток газированный ЧЕРНОГОЛОВКА, Тархун, 2л",116. 30,99.99,−15%,с 06 апреля до 12 апреля
"Напиток газированный ЧЕРНОГОЛОВКА, Тархун, 2л",117. 60,99.99,−15%,с 06 апреля до 12 апреля
"Корзинка универсальная СКАНДИ, 3,1л",124. 99,99.99,−20%,с 10 марта до 06 апреля
"Вода питьевая СВЯТОЙ ИСТОЧНИК, негазированная, 5л",114. 90,99.99,−13%,с 06 апреля до 12 апреля
"Kорм для кошек ФРИСКИС, сухой, мясо-курица-овощи, 400г",114. 90,99.99,−13%,с 06 апреля до 12 апреля
"Напиток энергетический БЕРН персик-манго без сахара, 449мл",129. 90,99.99,−23%,с 06 апреля до 12 апреля
"Газированный напиток ЧЕРНОГОЛОВКА, Крюшон, 2л",117. 60,99.99,−15%,с 06 апреля до 12 апреля
"Kорм для кошек ФРИСКИС, сухой, мясо-курица-овощи, 400г",114. 90,99.99,−13%,с 06 апреля до 12 апреля
"Газированный напиток ЧЕРНОГОЛОВКА, Байкал, 2л",117. 60,99.99,−15%,с 06 апреля до 12 апреля
"Напиток газированный ЧЕРНОГОЛОВКА, Дюшес, 2л",117. 60,99.99,−15%,с 06 апреля до 12 апреля
"Напиток газированный ЧЕРНОГОЛОВКА, Дюшес, 2л",117. 60,99.99,−15%,с 06 апреля до 12 апреля
"Напиток энергетический БЕРН персик-манго без сахара, 449мл",131. 60,99.99,−24%,с 06 апреля до 12 апреля
"Газированный напиток ЧЕРНОГОЛОВКА, Саяны, 2л",117. 60,99.99,−15%,с 06 апреля до 12 апреля
"Напиток энергетический БЁРН яблоко-киви, 449мл",131. 60,99.99,−24%,с 06 апреля до 12 апреля
"Напиток энергетический БЁРН тропический микс, 449мл",129. 90,99.99,−23%,с 06 апреля до 12 апреля
"Напиток энергетический БЁРН оригинальный, 449мл",131. 60,99.99,−24%,с 06 апреля до 12 апреля
"Палочки крабовые СЕВЕРНАЯ ГАВАНЬ снежный краб охлажденные, 200г",129. 90,99.99,−20%,с 06 апреля до 12 апреля
"Газированный напиток ЧЕРНОГОЛОВКА, Саяны, 2л",117. 60,99.99,−15%,с 06 апреля до 12 апреля
"Газ, для портативных газовых приборов, 400 мл",129. 99,99.99,−23%,с 10 марта до 06 апреля
"Kорм для кошек ФРИСКИС, для домашних, сухой, курица и садовая зелень, 300г",114. 90,99.99,−13%,с 06 апреля до 12 апреля
"Kорм для кошек ФРИСКИС, сухой, для стерилизованных, кролик-овощи, 300г",114. 90,99.99,−13%,с 06 апреля до 12 апреля
"Лимонад НАПИТКИ ИЗ ЧЕРНОГОЛОВКИ, Буратино, 2л",117. 60,99.99,−15%,с 06 апреля до 12 апреля
"Салфетка для пола ФРЕКЕН БОК, Твист, белая",139. 99,104.99,−25%,с 10 марта до 06 апреля
"Пиво ЖАТЕЦКИЙ ГУСЬ, светлое фильтрованное пастеризованное, 4,6%, 1,35л",141. 90,104.99,−26%,с 06 апреля до 12 апреля
"Пиво ЖАТЕЦКИЙ ГУСЬ, светлое фильтрованное пастеризованное, 4,6%, 1,35л",141. 90,104.99,−26%,с 06 апреля до 12 апреля
"Мешки для мусора НУЖНЫЕ ВЕЩИ Магнит, 160л, 10шт.",162. 99,109.20,−33%,с 10 марта до 06 апреля
"Восточные сладости ВКУСНОТЕЕВЪ Хворост, 300г",137. 50,109.99,−20%,с 06 апреля до 12 апреля
"Зефир СЕМЕЙНЫЕ СЕКРЕТЫ Антоновка, 250г",135. 80,109.99,−19%,с 06 апреля до 12 апреля
"Рис НАЦИОНАЛЬ, Адриатика, 900г",132. 50,109.99,−17%,с 06 апреля до 12 апреля
"РИЕТ ИЗ ЛОСОСЯ с мягким творогом (Меридиан), 100г",150. 70,109.99,−21%,с 06 апреля до 12 апреля
"Чистящее средство BREF®, Лимонная свежесть, 50г",193. 00,109.99,−43%,с 06 апреля до 12 апреля
"Конфеты РОДНЫЕ ПРОСТОРЫ, с вафельной крошкой, 125г",234. 00,109.99,−53%,с 06 апреля до 12 апреля
"Рис НАЦИОНАЛЬ, Адриатика, 900г",125. 00,109.99,−17%,с 06 апреля до 12 апреля
"Зефир СЕМЕЙНЫЕ СЕКРЕТЫ Антоновка, 250г",135. 80,109.99,−19%,с 06 апреля до 12 апреля
"Филе сельди МАТИАС, Оригинал (Санта Бремор), 250г",171. 90,109.99,−36%,с 06 апреля до 12 апреля
"Сардина иваси ДОБРОФЛОТ, Тихоокеанская, 245г",150. 00,119.99,−20%,с 06 апреля до 12 апреля
"Нож АПОЛЛО, Дженио, Вертекс, для овощей, 10см",164. 99,119.99,−27%,с 10 марта до 06 апреля
Брашинг Браун вентиляционный 35Д арт.СМ6811,164. 50,119.99,−27%,с 10 марта до 06 апреля
Салфетка впитывающая микрофибра VILEDA 1шт,149. 99,119.99,−20%,с 10 марта до 06 апреля
"Сыр МОЦАРЕЛЛА ГАЛЬБАНИ, 45%, 125г",164. 40,119.99,−27%,с 06 апреля до 12 апреля
"Закуска венгерская ДЯДЯ ВАНЯ, 460г",168. 90,124.99,−26%,с 06 апреля до 12 апреля
"Сливки ТД СМЕТАНИН. 20%, 500мл",140. 00,125.99,−10%,с 06 апреля до 12 апреля
"Огурцы МАГНИТ соленые, 680г",149. 40,129.99,−13%,с 06 апреля до 12 апреля
"Колготки детские БОЛЬШАЯ СЕМЬЯ, для мальчиков, демисезонные, р. 92-110, арт. 676",169. 99,129.99,−24%,с 10 марта до 06 апреля
"Колготки женские КОНТЕ, нюанс, бежевые, 20 Д, р. 2",169. 00,129.99,−23%,с 10 марта до 06 апреля
"Наггетсы ЗОЛОТОЙ ПЕТУШОК, традиционные, 300г",191. 20,129.99,−31%,с 06 апреля до 12 апреля
"Таблетки для унитаза BREF®, Актив Гигиена, 2 шт",194. 00,129.99,−33%,с 06 апреля до 12 апреля
"Блок туалетный BREF®, Синяя вода, 50г",224. 10,129.99,−42%,с 06 апреля до 12 апреля
"Огурцы МАГНИТ соленые, 680г",149. 40,129.99,−13%,с 06 апреля до 12 апреля
"Наггетсы ЗОЛОТОЙ ПЕТУШОК, традиционные, 300г",188. 40,129.99,−31%,с 06 апреля до 12 апреля
"Нож универсальный APOLLO, Genio Vertex, Аполло Дженио Вертекс, 12,5см",179. 99,129.99,−28%,с 10 марта до 06 апреля
"Ставридка ФЛОТСКАЯ, Соленая, сушеная, 80г",170. 90,134.99,−21%,с 06 апреля до 12 апреля
"Сыр Брест-литовский САВУШКИН, 45 %, 200 г",182. 00,134.99,−26%,с 06 апреля до 12 апреля
"Сыр Брест-литовский САВУШКИН, 45 %, 200 г",182. 00,134.99,−26%,с 06 апреля до 12 апреля
"Кондиционер для белья VERNEL®, Свежий бриз, 910мл",245. 60,139.99,−43%,с 06 апреля до 12 апреля
"Колготки ИННАМОРЕ Белла, бежевые, 20Д, р-р3",189. 00,139.99,−26%,с 10 марта до 06 апреля
"Кондиционер для белья VERNEL®, Гибискус и масло розы, 910мл",245. 60,139.99,−43%,с 06 апреля до 12 апреля
"Кондиционер для белья VERNEL®, Детский, 910мл",245. 60,139.99,−43%,с 06 апреля до 12 апреля
"Колготки ИННАМОРЕ Белла, черные, 20Д, р-р2",189. 00,139.99,−26%,с 10 марта до 06 апреля
"Перец маринованный ДЯДЯ ВАНЯ, Чили, целый, 340г",170. 70,139.99,−18%,с 06 апреля до 12 апреля
"Колготки ИННАМОРЕ Белла, черные, 20Д, р-р3",189. 00,139.99,−26%,с 10 марта до 06 апреля
"Маслины ИБЕРИКА, крупные с косточкой, 360г",170. 70,139.99,−18%,с 06 апреля до 12 апреля
"Кондиционер для белья VERNEL®, Свежий бриз, 910мл",237. 30,139.99,−37%,с 06 апреля до 12 апреля
"Кондиционер для белья VERNEL®, Гибискус и масло розы, 910мл",237. 30,139.99,−37%,с 06 апреля до 12 апреля
"Маслины ИБЕРИКА, крупные с косточкой, 360г",170. 70,139.99,−18%,с 06 апреля до 12 апреля
"Колготки ИННАМОРЕ Белла, бежевые, 20Д, р-р4,5",189. 00,139.99,−26%,с 10 марта до 06 апреля
"Масло сладкосливочное БРЕСТ-ЛИТОВСК 72,5%, 180г",205. 90,139.99,−32%,с 06 апреля до 12 апреля
"Колготки ИННАМОРЕ Белла, черные, 20Д, р-р4,5",189. 00,139.99,−26%,с 10 марта до 06 апреля
"Маслины ИБЕРИКА, без косточки, 360г",170. 70,139.99,−18%,с 06 апреля до 12 апреля
Расческа массажная узкая арт. СМ6850,189. 00,139.99,−26%,с 10 марта до 06 апреля
"Маслины ИБЕРИКА, без косточки, 360г",170. 70,139.99,−18%,с 06 апреля до 12 апреля
"Колготки ИННАМОРЕ Белла, бежевые, 20Д, р-р2",189. 00,139.99,−26%,с 10 марта до 06 апреля
"Варенье ВОЛОГОДСКОЕ ВАРЕНЬЕ клубничное, 370г",179. 50,148.99,−17%,с 06 апреля до 12 апреля
"Шпроты КАПИТАН ВКУСОВ, в масле, 250г",194. 80,149.99,−23%,с 06 апреля до 12 апреля
"Гель для чистки унитаза BREF®, Тотал Блеск, лимон, 700мл",217. 40,149.99,−31%,с 06 апреля до 12 апреля
"Шпроты КАПИТАН ВКУСОВ, в масле, 250г",194. 80,149.99,−23%,с 06 апреля до 12 апреля
"Паста томатная ПОМИДОРКА, 380г",189. 90,149.99,−21%,с 06 апреля до 12 апреля
"Гель для чистки унитаза BREF®, Тотал, Блеск цветов, 700мл",217. 40,149.99,−31%,с 06 апреля до 12 апреля
Фертика Удобрение универсал гранулы 1кг,199. 99,149.99,−25%,с 10 марта до 06 апреля
"Паста томатная ПОМИДОРКА, 380г",189. 90,149.99,−21%,с 06 апреля до 12 апреля
"ГОВЯДИНА ТУШЕНАЯ, высший сорт (Курганский МК), 338г",190. 50,159.99,−16%,с 06 апреля до 12 апреля
"Оленина СТАНДАРТ тушеная особая (Курганский), 338г",200. 00,159.99,−20%,с 06 апреля до 12 апреля
"Скумбрия БАЛТИЙСКИЙ БЕРЕГ, Атлантическая, холодного копчения, 280г",274. 20,169.99,−35%,с 06 апреля до 12 апреля
"Игрушка ПИКАП, 8см",219. 99,169.99,−23%,с 10 марта до 06 апреля
"Сосиски СЛИВОЧНЫЕ, ГОСТ (Великолукский МК), 650г",354. 10,169.99,−48%,с 06 апреля до 12 апреля
"Плодовая продукция ГРАНАТОВАЯ, красное, полусладкое, 0,75 л",209. 00,179.99,−14%,с 06 апреля до 12 апреля
"Готовый завтрак НЕСКВИК ДУО, 375г",250. 00,179.99,−28%,с 06 апреля до 12 апреля
"Средство чистящее для посудомоечных машин SOMAT®, Интенсив, 250мл",285. 70,179.99,−37%,с 06 апреля до 12 апреля
"Плодовая продукция ГРАНАТОВАЯ, красное, полусладкое, 0,75 л",209. 30,179.99,−14%,с 06 апреля до 12 апреля
"Колготки женские ИНКАНТО, Космо 40 ден Черные, р. 5",229. 00,179.99,−21%,с 10 марта до 06 апреля
"Соль для посудомоечных машин SOMAT®, 1,5кг",272. 70,179.99,−34%,с 06 апреля до 12 апреля
"Колготки женские ИНКАНТО, Космо 40 ден Бежевые, р. 5",229. 00,179.99,−21%,с 10 марта до 06 апреля
"Колготки женские ИНКАНТО Космо 40 ден Бежевые, р. 3",229. 00,179.99,−21%,с 10 марта до 06 апреля
"Колготки женские ИНКАНТО, Космо 40 ден Черные, р. 3",229. 00,179.99,−21%,с 10 марта до 06 апреля
"Колготки женские ИНКАНТО, Космо 40 ден Бежевые, р. 4",229. 00,179.99,−21%,с 10 марта до 06 апреля
"Колготки женские ИНКАНТО, Космо 40 ден Черные, р. 4",229. 00,179.99,−21%,с 10 марта до 06 апреля
"Колготки КОНТЕ, Актив, 40 ден, черные, 4",239. 00,189.99,−21%,с 10 марта до 06 апреля
"Колготки КОНТЕ, Актив, 40 ден, бежевые, 2",239. 00,189.99,−21%,с 10 марта до 06 апреля
"Готовый завтрак НЕСКВИК, Алфавит, 375г",260. 30,189.99,−27%,с 06 апреля до 12 апреля
"Колготки КОНТЕ, Актив, 40 ден, бежевые, 3",239. 00,189.99,−21%,с 10 марта до 06 апреля
"Чай черный ЛИПТОН, Йеллоу Лэйбл, 100 пакетиков",287. 90,189.99,−34%,с 06 апреля до 12 апреля
"Колготки КОНТЕ, Актив, 40 ден, бежевые, 4",239. 00,189.99,−21%,с 10 марта до 06 апреля
"Колготки КОНТЕ, Актив, 40 ден, черные, 3",239. 00,189.99,−21%,с 10 марта до 06 апреля
"Чай черный ЛИПТОН, Йеллоу Лэйбл, 100 пакетиков",275. 30,189.99,−31%,с 06 апреля до 12 апреля
"Готовый завтрак НЕСКВИК, Алфавит, 375г",260. 30,189.99,−27%,с 06 апреля до 12 апреля
Трусы женские черные арт.19SLG14 S-XL,299. 99,199.99,−33%,с 10 марта до 06 апреля
"Нож АПОЛЛО Дженио Вертекс для мяса, 18,5см",279. 99,199.99,−29%,с 10 марта до 06 апреля
"Капсулы для стирки PERSIL®, колор, 10шт.",322. 60,199.99,−22%,с 06 апреля до 12 апреля
"Кофе МИЛАГРО Голд Роаст растворимый сублимированный средней обжарки, 95г",363. 60,199.99,−42%,с 06 апреля до 12 апреля
"Контейнер для хранения с вкладышем, 6,5л",259. 99,199.99,−23%,с 10 марта до 06 апреля
"Салфетки ФРЕКЕН БОК, в рулоне, 25x30см, 60листов",289. 99,224.99,−22%,с 10 марта до 06 апреля
"Нож АРОЛЛО Дженио Вертекс кухонный, 18,5см",319. 99,229.99,−28%,с 10 марта до 06 апреля
"Капсулы для стирки LOSK® Дуо-капс Колор, 12шт.",433. 90,229.99,−40%,с 06 апреля до 12 апреля
"Морской микс МЕРИДИАН, в масле, 430г",387. 10,239.99,−34%,с 06 апреля до 12 апреля
"Капсулы для стирки LOSK® Дуо-капс Колор, 12шт.",421. 00,239.99,−43%,с 06 апреля до 12 апреля
"Капсулы для стирки LOSK® Дуо-капс Горное озеро, 12шт.",421. 00,239.99,−43%,с 06 апреля до 12 апреля
Игрушка Динозавр,319. 99,249.99,−22%,с 10 марта до 06 апреля
"Чай черный РИЧАРД, Роял Инглиш Бреакфаст, 100 пакетиков",362. 30,249.99,−31%,с 06 апреля до 12 апреля
"Кофе НЕСКАФЕ Классик растворимый, 190г",304. 90,249.99,−18%,с 06 апреля до 12 апреля
"Чай черный РИЧАРД, Роял Инглиш Бреакфаст, 100 пакетиков",373. 10,249.99,−33%,с 06 апреля до 12 апреля
"Кофе НЕСКАФЕ Классик растворимый, 190г",403. 20,249.99,−38%,с 06 апреля до 12 апреля
"Порошок стиральный LOSK® автомат Колор Актив Зим, 2,7кг",472. 70,259.99,−45%,с 06 апреля до 12 апреля
"Модуль сменный АКВАФОР, фильтрующий, В6",325. 00,259.99,−20%,с 10 марта до 06 апреля
"Гель для унитаза BREF®, Волна свежести, 360мл",385. 70,269.99,−30%,с 06 апреля до 12 апреля
"Ополаскиватель SOMAT®, для посудомоечных машин, 750мл",444. 40,279.99,−37%,с 06 апреля до 12 апреля
"Средство чистящее для полудомоечных машин SOMAT®, Машин клинер, 3шт.x20г",444. 40,279.99,−37%,с 06 апреля до 12 апреля
"Водка ГРАФ ЛЕДОФФ, Лайт гуала, 40%, 0,5л",356. 80,289.00,−19%,с 06 апреля до 12 апреля
"Водка особая GRAF LEDOFF Lemon 40% 0,5л(Татспиртпром):20",356. 80,289.00,−19%,с 06 апреля до 12 апреля
"Контейнер для мусора, 14 л, (Полимербыт)",369. 99,289.99,−22%,с 10 марта до 06 апреля
"Водка особая GRAF LEDOFF Lemon 40% 0,5л(Татспиртпром):20",358. 00,289.99,−19%,с 06 апреля до 12 апреля
"Настойка горькая БУЛЬБАШЪ Медовая с перцем 37% (Беларусь), 0,5л",348. 20,295.99,−15%,с 06 апреля до 12 апреля
"Настойка горькая БУЛЬБАШЪ Зубровая, 37 %, 0,5 л",348. 20,295.99,−15%,с 06 апреля до 12 апреля
"Настойка горькая БУЛЬБАШЪ Журавінавая, 37 %, 0,5 л",348. 20,295.99,−15%,с 06 апреля до 12 апреля
"Настойка горькая ХАСКИ Ягодный микс, 40%, 0,5л",398. 70,299.00,−25%,с 06 апреля до 12 апреля
"Водка ХАСКИ Арктик Айс 40%, 0,5л",439. 70,299.00,−32%,с 06 апреля до 12 апреля
"Настойка горькая СИББИТТЕР, Сибирское разнотравье, 38%, 0,5л",398. 70,299.00,−25%,с 06 апреля до 12 апреля
"Водка ТАЛКА Сибирский Кедр особая 40%, 0,5л",369. 10,299.00,−19%,с 06 апреля до 12 апреля
"Средство чистящее BREF® Тотал анти-налёт Лимонная свежесть, 500мл",361. 40,299.99,−17%,с 06 апреля до 12 апреля
"Водка ТАЛКА Сибирский Кедр особая 40%, 0,5л",370. 40,299.99,−19%,с 06 апреля до 12 апреля
"Вино СОЛИЕРА Айрен белое сухое (Испания), 0,75л",400. 00,319.99,−20%,с 06 апреля до 12 апреля
"Стиральный порошок PERSIL®, Свежесть от Вернель, автомат, 3кг",702. 10,329.99,−47%,с 06 апреля до 12 апреля
"Стиральный порошок PERSIL®, Колор, автомат, Свежесть от Вернель, 3кг",702. 10,329.99,−47%,с 06 апреля до 12 апреля
"Порошок стиральный PERSIL®, Сенситив Миндаль, 3кг",702. 10,329.99,−47%,с 06 апреля до 12 апреля
"Гель для стирки PERSIL®, Свежесть от Вернель, 1,46л",629. 60,339.99,−46%,с 06 апреля до 12 апреля
"Гель для стирки PERSIL®, Сенситив, 1,46л",629. 60,339.99,−46%,с 06 апреля до 12 апреля
"Капсулы для стирки PERSIL®, Дуо капс, Свежесть от Вернель, 14шт.",629. 60,339.99,−46%,с 06 апреля до 12 апреля
"Вино игристое ШАТО ТАМАНЬ Белое Тамани белое полусухое, 0,75л",429. 00,349.00,−19%,с 06 апреля до 12 апреля
"Водка БЕЛАЯ БЕРЕЗКА Морозная клюква особая 40%, 0,5л",554. 00,349.00,−37%,с 06 апреля до 12 апреля
"Кофе Д'АРТЭ, ориджинал растворимый, 100г",734. 70,359.99,−50%,с 06 апреля до 12 апреля
"Вино КАХУРИ Цинандали белое сухое (Грузия), 0,75л",469. 90,379.90,−19%,с 06 апреля до 12 апреля
"Порошок стиральный LOSK® автомат Горное Озеро, 2,7кг",469. 90,389.99,−44%,с 06 апреля до 12 апреля
"Опрыскиватель садовый, 2л",499. 99,389.99,−22%,с 10 марта до 06 апреля
"Водка ХОРТИЦЯ Ультра Премиум особая 40% 0,7л",562. 00,399.00,−29%,с 06 апреля до 12 апреля
"Кофе ЯКОБС, Монарх растворимый, 190г",701. 70,399.99,−43%,с 06 апреля до 12 апреля
"Кофе ЯКОБС, Монарх растворимый, 190г",696. 40,399.99,−43%,с 06 апреля до 12 апреля
"Кофе ЛАВАЦЦА, Квалита Оро, молотый, 250г",506. 30,399.99,−21%,с 06 апреля до 12 апреля
"Водка ТАЛКА, 40%, 0,7л",530. 40,419.00,−21%,с 06 апреля до 12 апреля
"Вино Армения, красное, полусладкое, 0,75 л (Армения)",531. 60,419.99,−21%,с 06 апреля до 12 апреля
"Вино Армения, белое, полусладкое, 0,75 л (Армения)",529. 00,429.00,−19%,с 06 апреля до 12 апреля
"Вино СЕНДЕРО Каберне Совиньон красное полусухое (Чили), 0,75л",550. 00,429.00,−22%,с 06 апреля до 12 апреля
"Вино ЛЮСЬЕН РИГИ Бордо АОС белое сухое (Франция), 0,75л",542. 00,439.00,−19%,с 06 апреля до 12 апреля
"Кофе STARBUCKS® Каффе Верона жареный молотый, 200г",671. 60,449.99,−33%,с 06 апреля до 12 апреля
"Вино ALTOPIANO Терре ди Кьети, красное, полусухое, 0,75 л (Италия)",600. 00,449.99,−25%,с 06 апреля до 12 апреля
"Кофе STARBUCKS®, Пайк плэйс роаст, жареный, в зернах 200г",671. 60,449.99,−33%,с 06 апреля до 12 апреля
"Кофе STARBUCKS®, Веранда Бленд, жареный, молотый, 200г",671. 60,449.99,−33%,с 06 апреля до 12 апреля
"Кофе STARBUCKS®, Эспрессо, жареный, в зернах, 200г",671. 60,449.99,−33%,с 06 апреля до 12 апреля
"Вино СЕН МАРТЕН Резерв Совиньон Блан белое сухое (Франция), 0,75л",599. 00,469.90,−22%,с 06 апреля до 12 апреля
"Вино СЕН МАРТЕН Резерв Каберне Совиньон красное сухое (Франция), 0,75л",599. 00,469.90,−22%,с 06 апреля до 12 апреля
"Вино ОСИТАН МИНЕРВУА красное сухое (Франция), 0,75л",610. 40,469.99,−23%,с 06 апреля до 12 апреля
"Вино MERLOT DE TALU, красное, сухое, 0,75 л",652. 80,469.99,−28%,с 06 апреля до 12 апреля
"Вино ОСИТАН ЛАНГЕДОК, красное сухое (Франция), 0,75л",610. 40,469.99,−23%,с 06 апреля до 12 апреля
"Кофе NESCAFE® Голд Бариста молотый арабика, 190г",657. 50,479.99,−27%,с 06 апреля до 12 апреля
"Коньяк ШУСТОФФ, российский, 5-летний, 40%, 0,5л",623. 40,480.00,−23%,с 06 апреля до 12 апреля
"Коньяк ШУСТОФФ, российский, 5-летний, 40%, 0,5л",626. 00,481.99,−23%,с 06 апреля до 12 апреля
"Модная кукла, 29 см",699. 99,499.99,−29%,с 10 марта до 06 апреля
"Вино ДЕ ГРАС РЕЗЕРВА, Совиньон Блан, белое сухое (Чили), 0,75л",675. 70,499.99,−26%,с 06 апреля до 12 апреля
"Водка ВОДКА А, 40 %, 0,5 л",610. 60,519.00,−15%,с 06 апреля до 12 апреля
"Средство для посудомоечных машин SOMAT® Стандарт порошок, 1,5кг",854. 80,529.99,−38%,с 06 апреля до 12 апреля
"Вино PAPO AMARELO Reserva, белое, сухое, 0,75 л",901. 60,549.99,−39%,с 06 апреля до 12 апреля
"Кувшин-водоочиститель АКВАФОР, Престиж, 2,8л",699. 99,549.99,−21%,с 10 марта до 06 апреля
"Вино ВИСТАМАР Резерва Каберне Совиньон красное сухое (Чили), 0,75л",743. 20,549.99,−26%,с 06 апреля до 12 апреля
"Вино ГРАН КАРДИЭЛЬ, Руэда Вердехо, белое сухое (Испания), 0,75л",679. 00,559.00,−18%,с 06 апреля до 12 апреля
Тапочки мужские открытые р-р. 41-46 арт. 13148M-CH-O,749. 00,559.99,−25%,с 10 марта до 06 апреля
"Коврик, фольгированный, 180х60х0,5см",699. 99,559.99,−20%,с 10 марта до 06 апреля
Конструктор Фаст-Фуд в ассортименте,759. 99,569.99,−25%,с 10 марта до 06 апреля
"Кастрюля нержавеющая сталь с силиконовой ручкой, 2л",819. 99,569.99,−30%,с 10 марта до 06 апреля
"Вино игристое ДЖАКОБАЦЦИ 5 розовое брют (Италия), 0,75л",843. 70,599.00,−29%,с 06 апреля до 12 апреля
"Ликер десертный СТАРЕЙШИНА, Хани, 35%, 0,5л",777. 90,599.00,−23%,с 06 апреля до 12 апреля
Весы кухонные СКАРЛЕТТ арт.SC-KS57P16/P14/P21/P30,799. 99,599.99,−25%,с 10 марта до 06 апреля
"Вино GOYE Сира, красное, сухое, 0,75 л",800. 00,599.99,−25%,с 06 апреля до 12 апреля
"Вино GOYE Токай, белое, сухое, 0,75 л",800. 00,599.99,−25%,с 06 апреля до 12 апреля
"Вино ДЕ ГРАС Резерва Пино Нуар красное сухое (Чили), 0,75л",759. 50,599.99,−21%,с 06 апреля до 12 апреля
Кукла Бонни с велосипедом,799. 99,599.99,−25%,с 10 марта до 06 апреля
"Вино РИСЛИНГ ТРАДИСЬОН, белое полусухое (Франция), 0,75л",799. 00,649.00,−19%,с 06 апреля до 12 апреля
"Кастрюля нержавеющая сталь с силиконовой ручкой, 3,8л",949. 99,659.99,−31%,с 10 марта до 06 апреля
"Вино игристое АБРАУ-ДЮРСО Премиум выдержанное белое полусухое, 0,75л",920. 00,699.00,−24%,с 06 апреля до 12 апреля
"Пупс с аксессуарами, 31см",969. 99,699.99,−28%,с 10 марта до 06 апреля
"Вино MARCO ZUNINO Шардоне, белое, сухое, 0,75 л (Аргентина)",973. 70,739.99,−24%,с 06 апреля до 12 апреля
"Кастрюля нержавеющая сталь с силиконовой ручкой, 5,9л",1229. 99,859.99,−30%,с 10 марта до 06 апреля
"Коньяк армянский АРВЕСТ НАПОЛЕОН 7-летний 40%, 0,5л",1141. 60,879.00,−23%,с 06 апреля до 12 апреля
Игрушка ТРЮКОВАЯ МАШИНА со светом и звуком,1199. 99,899.99,−25%,с 10 марта до 06 апреля
"Кофе ЛАВАЦЦА, зерно, 1кг",1831. 00,1299.99,−29%,с 06 апреля до 12 апреля
"Кофе ЛАВАЦЦА, зерно, 1кг",1857. 10,1299.99,−30%,с 06 апреля до 12 апреля
"Вино ликер МОНТЕЙРО Портвейн, 10 лет, красное, 0,75 л",1849. 30,1349.99,−27%,с 06 апреля до 12 апреля
Швабра с отжимом Твист энд гоу,1899. 99,1499.99,−21%,с 10 марта до 06 апреля
"Текила ЭСПОЛОН, Бланко, 40% (Мексика), 0,75л",2010. 30,1749.00,−13%,с 06 апреля до 12 апреля
